wikidata,title,source_psids
Q1001644,,47721891;47721893
Q101107811,,47721891;47721892
Q1017471,,47721891;47721893
Q1022438,,47721891;47721892
Q1026242,,47721891;47721892;47721893
Q1027454,,47721891;47721892;47721893
Q10313616,,47721891;47721892;47721893
Q1032091,,47721891;47721892
Q10329675,,47721891;47721892
Q1035122,,47721890;47721891;47721892
Q1035257,,47721891;47721893
Q1041750,,47721891;47721893
Q1042747,,47721891;47721893
Q104842025,,47721891;47721892
Q104848744,,47721891;47721893
Q104874287,,47721891;47721893
Q104902665,,47721891;47721893
Q1054167,,47722215
Q10546701,,47721891;47721892
Q105562107,,47721891;47721893
Q1056430,,47721891;47721892;47721893
Q10608200,,47721891;47721893
Q1061081,,47722215
Q106608867,,47721890;47721891
Q106707376,,47721891;47721893
Q106854,,47721891;47721892;47721893
Q1068671,,47721891;47721892
Q1069502,,47721891;47721892
Q107103983,,47721891;47721892;47721893
Q1071385,,47721891;47721892;47721893
Q107292901,,47721891
Q1073087,,47721891;47721892;47721893
Q108485764,,47721891;47721893
Q108550831,,47721891;47721893
Q1090523,,47721891;47721892
Q1092501,,47721891;47721893
Q1092618,,47721891;47721892
Q109356802,,47721891;47721894
Q109535189,,47721891;47721896
Q109928076,,47721891;47721894
Q110235787,,47721891
Q110269371,,47721890;47721891
Q110269679,,47721891;47721893
Q110442676,,47721891;47721893
Q1104762,,47721891;47721893
Q1110171,,47721891;47721892
Q11108502,,47721891;47721892;47721893
Q1123957,,47721891;47721894
Q112672812,,47721891;47721894
Q112701811,,47721891;47721892
Q112805944,,47721891;47721894
Q1128163,,47721891;47721892
Q11293638,,47721891;47721892
Q1129508,,47721891;47721893
Q113215,,47721891;47721893
Q11328029,,47721891;47721892;47721893
Q1134872,,47721891;47721892;47721893
Q1135433,,47721891;47721893
Q114068710,,47722215
Q1141793,,47721891;47721892
Q1142157,,47721891;47721892
Q1146659,,47721891;47721893
Q114862807,,47721890;47721891
Q1150860,,47721891;47721892
Q1154182,,47721890;47721891
Q1154608,,47721891;47721892;47721893
Q115517138,,47721890;47721891
Q115801291,,47721891;47721893
Q116290577,,47721891;47721892
Q11635826,,47721891;47721892
Q116694330,,47721890;47721891
Q116776662,,47721890;47721891;47721892
Q116814221,,47721890;47721891;47721892
Q11687605,,47721891;47721892
Q11688589,,47721891;47721893
Q11688910,,47721891;47721892;47721893
Q117061516,,47721891
Q11706909,,47721891;47721893
Q117100755,,47721891;47721892;47721893
Q117272413,,47721891;47721892;47721893
Q117312667,,47721891;47721894
Q1180058,,47721891;47721892
Q118875870,,47721891;47721893
Q11892346,,47721891;47721893
Q12045395,,47721891;47721893
Q12045421,,47721891;47721893
Q12045425,,47721891;47721893
Q12045455,,47721891;47721892;47721893
Q12045524,,47721891;47721893
Q12061436,,47721891;47721893
Q120727348,,47721891;47721893
Q120779634,,47721891;47721893
Q12084926,,47721891;47721893
Q121833101,,47721891;47721893
Q121878709,,47721891;47721892;47721893
Q1220049,,47721891;47721892;47721893
Q12221,,47721891;47721892;47721893
Q12272512,,47721891;47721893
Q12282497,,47721891;47721893
Q1229287,,47721890;47721891;47721892
Q12295449,,47721891;47721892;47721893
Q123144367,,47721891
Q123199385,,47721897
Q12322536,,47721891;47721892;47721893
Q123264913,,47721891;47721892
Q123270624,,47721891;47721894
Q1238088,,47721891;47721892;47721893
Q124570849,,47721891;47721893
Q125688901,,47721891;47721893
Q125758636,,47721891;47721893
Q1259448,,47721890;47721891
Q1266184,,47721890;47721891;47721892
Q12675746,,47721891;47721892;47721893
Q12680342,,47721891;47721892;47721893
Q1268688,,47721891;47721893
Q1271521,,47721891;47721892
Q127305,,47721891;47721893
Q127502429,,47721891;47721892;47721893
Q127691328,,47721891;47721893
Q128033685,,47721891;47721894
Q128270,,47721891;47721893
Q128834244,,47721891;47721893
Q128960847,,47721891;47721893
Q129330,,47721891;47721893
Q130235631,,47721890;47721891
Q130425710,,47721890;47721891
Q1311398,,47721891;47721893
Q131374918,,47721891;47721892;47721893
Q131620347,,47721891;47721893
Q1319722,,47721890;47721891
Q132165886,,47721891;47721893
Q1329485,,47721891
Q1330945,,47722215
Q1334431,,47721891;47721892;47721893
Q13403399,,47721891;47721893
Q1341618,,47721891;47721892;47721893
Q134454479,,47721891;47721892
Q134454567,,47721891;47721892;47721893
Q1345267,,47721891;47721893
Q13479453,,47721891
Q13516749,,47721891;47721893
Q13529413,,47721891;47721892
Q135350274,,47721891;47721894
Q1354879,,47721890;47721891;47721892
Q1355005,,47721890;47721891;47721892
Q135665360,,47721891;47721893
Q13573965,,47721891;47721892;47721893
Q13585803,,47721891;47721893
Q136035403,,47721891;47721893
Q136169052,,47721891;47721893
Q136172441,,47721891;47721893
Q136352217,,47721891;47721893
Q136385278,,47721891
Q1370611,,47721891;47721893
Q137427341,,47721890;47721891
Q137822829,,47721890;47721891
Q1378288,,47721891;47721893
Q137884342,,47721890;47721891
Q138012061,,47721891;47721893
Q138130570,,47721890;47721891
Q138132023,,47721890;47721891
Q138132372,,47721890;47721891
Q138139718,,47721890;47721891
Q138266294,,47721890;47721891
Q138299135,,47721890;47721891
Q138302189,,47721890;47721891
Q138303972,,47721890;47721891
Q138350849,,47721890;47721891
Q138535759,,47721890;47721891
Q138631974,,47721890;47721891
Q138846018,,47721890;47721891
Q138993846,,47721890;47721891
Q139072950,,47721891;47721892
Q1397604,,47721891;47721892;47721893
Q139760859,,47721890;47721891
Q139761416,,47721890;47721891
Q1399467,,47721890;47721891
Q139966775,,47721891
Q140133673,,47721891;47721893
Q140157562,,47721890;47721891;47721892
Q1401813,,47721891;47721893
Q1402670,,47721891;47721892;47721893
Q1407305,,47721891;47721893
Q1411852,,47721890;47721891;47721892
Q1414562,,47721891;47721893
Q1415922,,47721891;47721892
Q1416717,,47721891;47721892;47721893
Q1422061,,47721891;47721893
Q1422369,,47721891;47721892;47721893
Q1423785,,47721891;47721892;47721893
Q1425215,,47721891;47721892
Q1428749,,47721891;47721892;47721893
Q1429240,,47721890;47721891
Q1432194,,47721891;47721892
Q1439975,,47721891;47721892
Q1443983,,47721890;47721891
Q1453827,,47721891;47721893
Q14627942,,47721891;47721892;47721893
Q14635771,,47721891;47721892;47721893
Q14683200,,47721891;47721893
Q14685020,,47721891;47721892;47721893
Q14705116,,47721891;47721893
Q14713879,,47721891;47721893
Q14714485,,47721891;47721893
Q1483584,,47721891;47721893
Q14855292,,47721891;47721892;47721893
Q14875438,,47721891;47721893
Q14915894,,47721891
Q1493247,,47721891;47721892
Q14935783,,47721891;47721893
Q1498628,,47721890;47721891;47721892
Q1502941,,47721891;47721893
Q1507227,,47721891;47721892
Q151205,,47721891;47721893
Q1512528,,47721891;47721893
Q151607,,47721891;47721893
Q1518444,,47721890;47721891;47721892
Q1518607,,47721891;47721893
Q1519908,,47721890;47721891
Q15228875,,47721890;47721891
Q1523570,,47721891
Q15252503,,47721891;47721892;47721893
Q152532,,47721891;47721893
Q153075,,47721891;47721892;47721893
Q153546,,47721891;47721893
Q1536205,,47721891;47721892;47721893
Q1538163,,47721890;47721891;47721892
Q153852,,47721891;47721893
Q1539525,,47721890;47721891;47721892
Q153960,,47721891;47721892;47721893
Q1546373,,47721891;47721892;47721893
Q1546845,,47721891;47721892;47721893
Q1549494,,47721891;47721892;47721893
Q155081,,47722215
Q15624078,,47721891;47721892;47721893
Q1572281,,47721891;47721892;47721893
Q1575609,,47721891;47721893
Q1582724,,47721891;47721893
Q1584923,,47721891;47721892;47721893
Q15880777,,47721891;47721893
Q1591903,,47721891;47721892;47721893
Q15934634,,47721897
Q15935293,,47721897
Q15940485,,47722215
Q16058175,,47721890;47721891
Q16069488,,47722215
Q16069544,,47722215
Q1614112,,47721891;47721893
Q1615321,,47721891;47721893
Q16155839,,47721890;47721891
Q16158233,,47721891
Q16219738,,47721890;47721891
Q1622954,,47721891;47721893
Q1624602,,47721891;47721892;47721893
Q16248262,,47721891;47721892;47721893
Q16249481,,47721891;47721893
Q16250373,,47721891;47721893
Q16259546,,47721890;47721891
Q1628822,,47721890;47721891
Q16323131,,47721890;47721891;47721892
Q1637028,,47721891;47721892;47721893
Q1644339,,47721891;47721892
Q16531882,,47721891;47721892
Q16545279,,47721891;47721893
Q1664938,,47721891;47721893
Q1665382,,47721891
Q16821377,,47721891;47721893
Q16825057,,47721890;47721891
Q16825390,,47721891;47721893
Q16827546,,47721890;47721891
Q16828329,,47721891;47721893
Q16829888,,47721891;47721893
Q16833607,,47721890;47721891
Q16836115,,47721890;47721891
Q16851019,,47721891;47721892;47721893
Q16852248,,47721891;47721892;47721893
Q1686634,,47721891;47721893
Q1688011,,47721891;47721892
Q16899043,,47721891;47721892;47721893
Q16909187,,47721891;47721892;47721893
Q16916607,,47721891;47721893
Q16927576,,47721891;47721892
Q16928082,,47721891;47721892;47721893
Q16932183,,47721891;47721893
Q16933188,,47721891;47721893
Q16934773,,47721890;47721891
Q16935186,,47721890;47721891
Q16938593,,47721891;47721892;47721893
Q16944345,,47721891;47721894
Q16947413,,47721891;47721892
Q16953096,,47721891;47721893
Q16960614,,47721891
Q16964280,,47721891;47721893
Q16967100,,47721891;47721893
Q16971174,,47721891;47721892
Q16971600,,47721890;47721891;47721892
Q16974014,,47721891
Q16984729,,47721891;47721892;47721893
Q16985295,,47722215
Q16987238,,47721891;47721893
Q16987589,,47721890;47721891;47721892
Q16987733,,47721890;47721891;47721892
Q16988774,,47721890;47721891;47721892
Q16994360,,47721891;47721893
Q16994762,,47721890;47721891
Q16995345,,47721891;47721892
Q16995698,,47721891
Q16995728,,47721891;47721892
Q16997466,,47721891;47721892
Q16997481,,47721891;47721892
Q16998126,,47721891;47721893
Q16998452,,47721891
Q16998990,,47721891;47721892
Q17005920,,47721891;47721892
Q17008252,,47721891;47721892;47721893
Q17010184,,47721890;47721891;47721892
Q17012457,,47721891;47721892
Q17016448,,47721891;47721892
Q17016629,,47721890;47721891
Q17016991,,47721890;47721891
Q17017311,,47721890;47721891
Q17017784,,47721890;47721891
Q17017801,,47721890;47721891;47721892
Q17017829,,47721890;47721891;47721892
Q17018705,,47721891;47721892;47721893
Q17019141,,47721890;47721891;47721892
Q17026863,,47721891;47721892;47721893
Q17035715,,47721891;47721892;47721893
Q17040686,,47721891;47721893
Q17046338,,47721890;47721891
Q17054104,,47721891;47721892;47721893
Q17077625,,47721890;47721891
Q17084221,,47721891;47721893
Q17085578,,47721891;47721894
Q17090693,,47721891;47721893
Q17101869,,47721891;47721893
Q17102143,,47721890;47721891
Q17103592,,47721891;47721893
Q17108368,,47721891;47721893
Q17116172,,47721891;47721893
Q17117018,,47721891;47721893
Q17118779,,47721891;47721893
Q17118795,,47721891;47721893
Q17118809,,47721891;47721892
Q17183228,,47721891;47721892;47721893
Q17183477,,47721891;47721893
Q17190954,,47721891;47721892;47721893
Q1721585,,47721891;47721893
Q1727789,,47721891;47721893
Q1741320,,47721891;47721892;47721893
Q1742438,,47721891;47721893
Q1753595,,47721890;47721891;47721892
Q1756360,,47721891;47721892
Q1758887,,47721891;47721892
Q1758979,,47721891;47721892
Q1759184,,47722215
Q1761185,,47721891;47721892
Q1763924,,47721890;47721891;47721892
Q1764694,,47721891;47721893
Q177092,,47721891;47721892
Q1776382,,47721891;47721893
Q1777602,,47721891;47721892
Q1777966,,47721891;47721893
Q1780019,,47722215
Q1789361,,47721891
Q1795931,,47721891;47721893
Q1796123,,47721891;47721892;47721893
Q1798652,,47721891;47721892;47721893
Q1798985,,47721891;47721892
Q179963,,47721891;47721892
Q18012419,,47722215
Q18012423,,47722215
Q1806967,,47722215
Q180855,,47721891;47721893
Q18110736,,47721891;47721892;47721893
Q18111842,,47721891
Q18124909,,47721891;47721892;47721894
Q1813698,,47721891;47721893
Q18148506,,47721891;47721893
Q1815615,,47721891;47721893
Q18160216,,47721891;47721893
Q18161195,,47721891;47721893
Q18161708,,47721891;47721893
Q18163206,,47721891;47721892;47721893
Q18166129,,47721891;47721893
Q18166888,,47721891;47721893
Q1830767,,47721891;47721892;47721893
Q18348855,,47721891
Q18356815,,47721890;47721891
Q18358791,,47721890;47721891
Q18393966,,47721891
Q1851509,,47721891;47721892;47721893
Q1856180,,47721891;47721894
Q1862698,,47721891;47721892;47721893
Q18636480,,47721891
Q18636502,,47721891;47721893
Q18636748,,47721891;47721893
Q18636761,,47721891;47721893
Q18639730,,47721891;47721892;47721893
Q1867525,,47721891;47721892
Q18712245,,47721891;47721893
Q187155,,47721890;47721891;47721892
Q1871906,,47721891;47721892;47721893
Q1902998,,47721890;47721891;47721892
Q19118260,,47721891;47721893
Q1915708,,47721891;47721893
Q1926416,,47721891;47721893
Q19278725,,47721891;47721892
Q194297,,47721891;47721892;47721893
Q1949939,,47722215
Q19571193,,47721891;47721892;47721893
Q19571615,,47721890;47721891
Q19572232,,47721891;47721893
Q19573609,,47721891;47721892;47721893
Q1959068,,47721891;47721893
Q19605793,,47721891;47721892;47721893
Q1976480,,47721890;47721891
Q1981667,,47721891;47721893
Q1981682,,47721891;47721893
Q19839936,,47721890;47721891;47721898
Q19840216,,47721891;47721893
Q19865277,,47721891;47721893
Q19877213,,47721891;47721892;47721893
Q19880203,,47721891;47721892;47721893
Q19903295,,47721891;47721893
Q19903427,,47721891
Q19903812,,47721891;47721893
Q2028046,,47721891;47721893
Q20312697,,47721891;47721892;47721893
Q2039015,,47721891;47721892
Q2045297,,47721891;47721893
Q204880,,47721891;47721893
Q204901,,47722215
Q2049508,,47721891;47721893
Q205601,,47721891;47721892;47721893
Q2060769,,47721891;47721893
Q2060851,,47721891;47721892;47721893
Q2061707,,47721891;47721892
Q20712588,,47721891;47721893
Q20715368,,47721891
Q20716850,,47721891;47721892
Q2072541,,47721891;47721893
Q20746340,,47721891;47721893
Q2081822,,47721891;47721892
Q2085885,,47721890;47721891
Q20871058,,47721891;47721892;47721893
Q20897928,,47721891;47721893
Q20981674,,47721891;47721894
Q2099630,,47721891;47721892;47721893
Q21003840,,47721891;47721893
Q21003884,,47721891;47721893
Q21030926,,47721890;47721891
Q21070991,,47721890;47721891
Q2111113,,47721891;47721893
Q21114581,,47721891;47721894
Q21158111,,47721891;47721893
Q21188661,,47721891
Q21196573,,47721891;47721893
Q21233556,,47721891;47721893
Q21286736,,47721891;47721893
Q2128955,,47721891;47721893
Q2140520,,47721891;47721893
Q2141521,,47721891;47721892
Q2148593,,47721891;47721892
Q21621747,,47721891
Q2168523,,47721890;47721891
Q2181927,,47721891;47721893
Q2189631,,47721891;47721892;47721893
Q22000694,,47721891
Q22021774,,47721891;47721893
Q2213236,,47721891;47721893
Q22236204,,47721891;47721893
Q22236223,,47721891;47721892
Q22236232,,47721890;47721891
Q22236235,,47721891
Q22236239,,47721890;47721891;47721892
Q22236247,,47721891;47721893
Q22236253,,47721891;47721893
Q22236256,,47721890;47721891;47721892
Q22236267,,47721891
Q22236270,,47721891;47721893
Q222787,,47721890;47721891;47721892
Q2227967,,47721891;47721892;47721893
Q2235019,,47721890;47721891
Q2239073,,47721891;47721892;47721893
Q2244300,,47721891;47721892
Q2259081,,47721891;47721893
Q2264888,,47722215
Q2289193,,47721891;47721893
Q2292518,,47721891;47721893
Q2295851,,47721891;47721892;47721893
Q2297786,,47721891;47721892
Q2298563,,47721891;47721893
Q2300932,,47721891;47721892
Q2308687,,47721891;47721892;47721893
Q2336387,,47722215
Q2342764,,47722215
Q23461325,,47721891;47721893
Q23461394,,47721891;47721892;47721893
Q23461567,,47722215
Q23461575,,47721890;47721891
Q2347940,,47721891
Q2354390,,47721891;47721893
Q2354423,,47721891;47721892;47721893
Q2360702,,47721891;47721893
Q2369060,,47721891;47721892
Q2370018,,47722215
Q23787604,,47721891;47721893
Q2388771,,47721891;47721893
Q239804,,47721891;47721892;47721893
Q2401562,,47721891;47721892;47722215
Q2417742,,47721891;47721892;47721893
Q2422815,,47721891;47721894;47722215
Q2426375,,47721891;47721893
Q2448461,,47721891;47721892;47721893
Q2450916,,47721891;47721893
Q24648499,,47721891;47721893
Q24648510,,47721891;47721894
Q24648520,,47721891;47721893
Q24648521,,47721891;47721893
Q24702775,,47721891;47721893
Q2482,,47721891;47721892
Q2483439,,47721891;47721892;47721895
Q25040514,,47721891;47721892;47721893
Q25084910,,47721891;47721892;47721893
Q2508768,,47721891;47721892
Q251740,,47721890;47721891
Q2519514,,47721891;47721892;47721893
Q25197565,,47721891;47721892;47721893
Q25302580,,47721891;47721892;47721893
Q2538109,,47721891;47721892;47721893
Q2558616,,47722215
Q2559672,,47721891;47721892;47721893
Q256392,,47721891;47721892;47721893
Q2578466,,47721891;47721893
Q2587685,,47721890;47721891
Q259865,,47721891;47721893
Q2601227,,47721891;47721892;47721893
Q2607444,,47721891;47721892;47721893
Q2646636,,47721891;47721892;47721893
Q2649044,,47721891;47721893
Q2661513,,47721891;47721892;47721893
Q2663359,,47721891;47721893
Q266349,,47721891;47721892
Q268267,,47721891;47721892
Q268792,,47721891;47721894
Q2725745,,47721890;47721891
Q2739309,,47721891;47721893
Q277817,,47721891;47721892
Q2783114,,47721890;47721891
Q278905,,47721891;47721893
Q27926693,,47721891;47721892;47721893
Q27972948,,47721891;47721892;47721893
Q2809884,,47721891;47721893
Q28127061,,47721890;47721891
Q28222059,,47721890;47721891
Q28224889,,47721891;47721893
Q28232871,,47721891;47721892
Q28373722,,47721891;47721893
Q28401783,,47721891;47721893
Q28403535,,47722215
Q2841250,,47721891;47721892
Q28457481,,47721891
Q2848187,,47721891
Q285480,,47721891;47721892
Q2864653,,47722215
Q288727,,47721891;47721893
Q28873487,,47721891;47721893
Q2905391,,47721891;47721893
Q2906135,,47721891;47721892
Q2915604,,47721891;47721892
Q2917438,,47721891;47721892;47721895
Q2923625,,47721891;47721892;47721893
Q2924024,,47721891;47721892;47721893
Q2924047,,47721891;47721893
Q2927641,,47721891;47721892
Q29325391,,47721891;47721892;47721893
Q2932900,,47721891;47721893
Q2935472,,47721891;47721892
Q2944134,,47721891;47721893
Q2948611,,47722215
Q2948612,,47722215
Q2948618,,47722215
Q2948621,,47722215
Q2948625,,47722215
Q2948626,,47722215
Q2948630,,47722215
Q2986556,,47721891;47721892;47721893
Q2986930,,47721891;47721892;47721893
Q3002428,,47721891;47721893
Q3007961,,47721891;47721892
Q3024535,,47721891;47721892;47721893
Q3030719,,47721890;47721891
Q30324731,,47721891;47721893
Q3033748,,47721891;47721893
Q304091,,47721891;47721893
Q30635669,,47721891;47721893
Q30637828,,47721890;47721891
Q30637897,,47721891
Q30639195,,47722215
Q30646830,,47721890;47721891;47721892
Q3065045,,47721891;47721893
Q30672233,,47722215
Q30687805,,47721890;47721891
Q3076217,,47721890;47721891;47721892
Q3088553,,47721891;47721893
Q3092323,,47721891;47721892
Q3101694,,47721891;47721892;47721893
Q3104602,,47721891;47721892
Q3106774,,47721891;47721892
Q31087525,,47721891
Q3117357,,47721891;47721893;47721894
Q31193096,,47721890;47721891
Q313542,,47721891;47721893
Q3139487,,47721891
Q314054,,47721891;47721893
Q3160378,,47722215
Q3175961,,47722215
Q3182313,,47721891;47721892
Q3198359,,47721891;47721892;47721893
Q3217624,,47722215
Q323095,,47721891;47721893
Q3231161,,47721891;47721893
Q323969,,47721891;47721893
Q3246988,,47721891;47721893
Q3263322,,47721890;47721891
Q3283355,,47721891;47721892;47721893
Q3297222,,47721891;47721892;47721893
Q3303595,,47721891;47721893
Q3304805,,47721890;47721891
Q3310781,,47721890;47721891
Q331630,,47721891;47721892;47721893
Q3319676,,47721891;47721893
Q3319682,,47721891;47721893
Q332378,,47721890;47721891;47721892
Q3326436,,47721891;47721894
Q3346278,,47721891;47721892;47721893
Q3360035,,47721891;47721892;47721893
Q3362172,,47721891;47721893
Q3365691,,47721891;47721892;47721893
Q3372581,,47721891;47721892;47721893
Q3390014,,47721891;47721893
Q3394030,,47721891;47721893
Q3400389,,47721891
Q3402663,,47721891;47721893
Q3412122,,47721891;47721893
Q3467674,,47721891;47721893
Q347187,,47721891;47721892;47722215
Q3483215,,47721891;47721894
Q3486605,,47721891;47721893
Q3489357,,47721891;47721893
Q3490068,,47721891;47721893
Q3495663,,47721890;47721891
Q3498097,,47721891;47721892;47721893
Q3500299,,47721891;47721893
Q35026670,,47721890;47721891;47721892
Q3502920,,47721891;47721893
Q35033820,,47721890;47721891
Q3508302,,47721891;47721893
Q3536948,,47721891;47721892;47721893
Q354601,,47721891;47721892
Q355252,,47721891;47721892
Q3570160,,47721897
Q3625571,,47721891;47721893
Q3638651,,47721890;47721891
Q3640382,,47721891;47721892;47721893
Q3646942,,47721891;47721892
Q3655801,,47721891;47721894
Q3663199,,47721891;47721893
Q36810482,,47721891
Q3698281,,47721891;47721892
Q369834,,47721891;47721892
Q371068,,47721891;47721892
Q3753335,,47721890;47721891;47721892
Q3764535,,47721890;47721891
Q377626,,47721891;47721893
Q378239,,47721891;47721892
Q3785560,,47721891;47721893
Q384131,,47721890;47721891
Q387897,,47721891;47721893
Q3892913,,47721890;47721891
Q390505,,47721891;47721894
Q39052663,,47721891;47721892
Q39073708,,47721890;47721891
Q39090785,,47721891
Q3942865,,47721890;47721891
Q3961435,,47721891;47721893
Q3971125,,47721891;47721892;47721893
Q3977895,,47721891;47721893
Q3981599,,47721891;47721894
Q4018906,,47721891;47721893
Q4034923,,47721891;47721893
Q4036833,,47721891;47721893
Q4038378,,47721890;47721891;47721892
Q4039669,,47721890;47721891
Q4043394,,47721891;47721892;47721893
Q4043762,,47721891
Q4183744,,47721891;47721893
Q422034,,47721891;47721893
Q42317856,,47721891;47721892;47721893;47721894
Q4260724,,47721897
Q42847654,,47721891;47721893
Q4354009,,47721891;47721892
Q448720,,47721891;47721893
Q4499673,,47721891;47721893
Q45298,,47721891;47721892;47721893
Q4546859,,47721890;47721891
Q454886,,47721891;47721892;47721893
Q4553387,,47721891;47721892
Q4553723,,47721890;47721891
Q4567149,,47721891;47721893
Q4569896,,47721891;47721892;47721893
Q4570769,,47721891;47721892;47721893
Q458609,,47721891;47721893
Q4591553,,47721891;47721892;47721893
Q460206,,47721891;47721892;47721893
Q460398,,47721891;47721894
Q4636496,,47721891
Q4664306,,47721891;47721892;47721893
Q4672962,,47721891
Q4683851,,47721891;47721893
Q4694715,,47721891
Q4711794,,47721891;47721892
Q4727575,,47721891
Q4731451,,47721891
Q4740211,,47721891;47721893
Q4748826,,47721891;47721893
Q4752795,,47721891;47721892
Q478119,,47721891;47721892;47721893
Q4784766,,47721891
Q4786917,,47721891;47721893
Q479003,,47721891;47721892;47721893
Q4796106,,47721891
Q4796382,,47721891
Q4801383,,47721891;47721892;47721893
Q4803363,,47721891;47721892;47721893
Q4804247,,47721891;47721893
Q4824414,,47721891;47721893
Q4838469,,47721891
Q4838734,,47721890;47721891
Q4840797,,47721891;47721893
Q4842091,,47721890;47721891;47721892
Q4851457,,47721891;47721892;47721893
Q4862940,,47721891;47721894
Q4865593,,47721891;47721892
Q4865669,,47721891;47721892
Q4867178,,47721891;47721892
Q48728936,,47722215
Q48733462,,47721891;47721893
Q48734723,,47722215
Q4873648,,47721891;47721893
Q48744052,,47722215
Q4876166,,47721890;47721891;47721892
Q48775068,,47721891;47721892
Q48790891,,47721891;47721893
Q48815011,,47721891;47721893
Q4881549,,47721890;47721891
Q4882713,,47721891;47721893
Q4883063,,47721891;47721892;47721893
Q4883072,,47721891;47721892
Q4894260,,47721890;47721891;47721892
Q48968776,,47721890;47721891
Q4898977,,47721891;47721893
Q4899643,,47721891;47721893
Q4899685,,47721891;47721892;47721893
Q4906227,,47721891;47721893
Q4906360,,47721891;47721893
Q4907422,,47721891;47721892
Q4911780,,47722215
Q4912182,,47721891;47721893
Q4916946,,47721891;47721893
Q4920219,,47721891;47721892
Q4921060,,47721891;47721893
Q4929585,,47721891;47721894
Q4929639,,47721891;47721893
Q4930594,,47721891;47721893
Q4931224,,47721891;47721892;47721893
Q4936449,,47721891;47721894
Q4936459,,47721891;47721894
Q4936460,,47721891;47721894
Q4938519,,47722215
Q4941400,,47721891;47721893
Q4942799,,47721890;47721891
Q4943172,,47721891;47721892
Q4947502,,47721891;47721892
Q4949920,,47721891;47721893
Q4956057,,47721891;47721892;47721893
Q4965887,,47721891;47721893
Q4968538,,47721891;47721893
Q4975664,,47721891
Q4975805,,47721891;47721893
Q4975890,,47721891;47721893
Q4979346,,47722215
Q4979602,,47721891
Q4982543,,47721891;47721892
Q4985196,,47721891;47721892;47721893
Q4985656,,47721891;47721893
Q498750,,47721891;47721892;47721895
Q4990,,47721891;47721892;47721893
Q4993891,,47721891;47721892;47721893
Q4996749,,47721891;47721892
Q4997118,,47721891;47721892;47721893
Q4997755,,47721891;47721893
Q4999111,,47721891;47721893
Q5015440,,47721890;47721891;47721892
Q5017692,,47721891;47721893
Q5019422,,47721891;47721892;47721893
Q5020360,,47721891
Q502268,,47721890;47721891;47721892
Q5024250,,47721890;47721891
Q502578,,47721891;47721892
Q5030332,,47721891;47721892
Q504281,,47721891;47721892;47721893
Q5042847,,47721891
Q5042950,,47721891;47721893
Q5042992,,47721891;47721892;47721893
Q5044653,,47721891;47721892
Q5047491,,47721890;47721891
Q5047815,,47721890;47721891
Q5048113,,47721891;47721892;47721893
Q5050537,,47721891;47721892;47721893
Q5069041,,47721891;47721892
Q5069926,,47721891;47721893
Q5072156,,47721891;47721894
Q5078891,,47722215
Q5082471,,47721891;47721894
Q5084016,,47722215
Q5084392,,47721891;47721892;47721893
Q5087232,,47721890;47721891
Q5090036,,47721891
Q5092052,,47721891;47721892;47721893
Q5099843,,47721891;47721893
Q5105454,,47721891;47721893
Q5109935,,47721891;47721893
Q511602,,47722215
Q5119742,,47721891;47721893
Q5134724,,47721891;47721893
Q5135067,,47721891;47721892
Q5148853,,47721891;47721893
Q5149389,,47721891;47721893
Q5149624,,47721891;47721892;47721893
Q5168060,,47721891;47721893
Q5170775,,47721891;47721892
Q5171808,,47721891
Q5173817,,47721891;47721892
Q5175569,,47721891;47721892;47721893
Q5186039,,47721891
Q51888,,47721891;47721892
Q5189400,,47721891;47721892;47721893
Q51905,,47721891;47721892
Q5192303,,47721891;47721893
Q5192313,,47721891;47721893
Q519297,,47721891;47721892
Q5222553,,47721891;47721893
Q5244791,,47722215
Q5267383,,47721891;47721892;47721893
Q5267702,,47721891
Q5270850,,47721891;47721893
Q5293351,,47721890;47721891
Q5299673,,47721891;47721892;47721893
Q5299727,,47721891;47721893
Q5307323,,47721891;47721893
Q5314801,,47721891;47721893
Q5315799,,47721891;47721892
Q5317299,,47721891;47721892;47721893
Q5317600,,47722215
Q532084,,47721891;47721892;47721893
Q5321771,,47721891;47721892;47721893
Q5324773,,47721891;47721894
Q5325211,,47721891;47721892
Q5332295,,47721891;47721894
Q5352241,,47721891;47721892
Q5360905,,47721890;47721891;47721892
Q5368560,,47721891;47721892;47721893
Q5374843,,47721891;47721892;47721893
Q5374850,,47721891;47721893
Q5400907,,47721891;47721893
Q5413353,,47721891;47721892;47721893
Q5421394,,47721891;47721892
Q5423329,,47721891;47721892
Q5424508,,47721891;47721894
Q5431739,,47721891;47721892;47721893
Q5436316,,47721891;47721892;47721893
Q5443743,,47721891;47721893
Q5447883,,47721890;47721891;47721892
Q5451712,,47721891;47721892
Q5454485,,47721891;47721893
Q5458524,,47721890;47721891;47721892
Q5472953,,47721891;47721892
Q5475421,,47721891;47721892;47721893
Q5479504,,47721891
Q5480483,,47721890;47721891;47721892
Q5493055,,47721891;47721894
Q5493527,,47721890;47721891
Q54958146,,47721891;47721893
Q5504672,,47721891
Q5506486,,47721891;47721893
Q5507019,,47721891;47721893
Q5516848,,47721891;47721893
Q5528879,,47721891
Q5532712,,47721891;47721893
Q5532723,,47721891;47721893
Q55394493,,47722215
Q5545052,,47721890;47721891;47721892
Q55530589,,47721891;47721892
Q55605114,,47721891;47721892;47721893
Q55605224,,47722215
Q55605497,,47721891;47721893
Q55606946,,47721891;47721893
Q5567537,,47721890;47721891
Q55739163,,47721891;47721893
Q5584074,,47721891;47721892;47721893
Q5593495,,47721891;47721893
Q5596912,,47721891;47721893
Q5600142,,47721891;47721894
Q5600188,,47721891;47721893
Q5603215,,47721891;47721892
Q5616573,,47721891;47721892;47721893
Q5616576,,47721891;47721892;47721893
Q562552,,47721891;47721893
Q56278134,,47722215
Q56278141,,47722215
Q56279443,,47721891;47721893
Q5638877,,47721891;47721892;47721893
Q5639068,,47721890;47721891;47721892
Q5641331,,47721891;47721893
Q5641640,,47721891;47721893
Q5645479,,47721891
Q5647008,,47721891;47721892
Q5648123,,47721891;47721893
Q5648533,,47721891;47721892
Q5654196,,47721891;47721892;47721893
Q568684,,47721891;47721893
Q568797,,47721891;47721893
Q5694665,,47721891
Q5699030,,47722215
Q5699692,,47721891;47721892;47721893
Q5713678,,47721890;47721891
Q57243865,,47721891
Q5736222,,47721891;47721892
Q57401946,,47721891
Q5744184,,47721891
Q5750772,,47721891;47721892
Q581796,,47721891;47721892
Q584161,,47721891;47721893
Q585992,,47721891;47721892
Q5876533,,47721891;47721893
Q5878569,,47721891;47721893
Q5880182,,47721891;47721893
Q5928368,,47721891;47721893
Q5929134,,47721891;47721893
Q595750,,47721891;47721892;47721893
Q595892,,47721891;47721893
Q5964303,,47721891;47721892;47721893
Q5985278,,47721891;47721893
Q6008710,,47721891;47721893
Q601859,,47721891;47721893
Q605830,,47721891;47721892
Q6072399,,47721891;47721893
Q60746559,,47721891;47721893
Q60746802,,47721891;47721893
Q60748152,,47721890;47721891
Q60770548,,47721891;47721893
Q60776414,,47721891;47721893
Q60785137,,47721890;47721891
Q60791658,,47721891;47721892;47721893
Q608350,,47721891;47721893
Q610350,,47721891;47721892;47722215
Q6104382,,47721890;47721891;47721892
Q6106663,,47721891;47721894
Q610672,,47721891;47721892;47721893
Q6107487,,47721891;47721892
Q6119795,,47721891;47721892;47721893
Q6120868,,47722215
Q6123460,,47721891;47721893
Q6141888,,47721891;47721893
Q6169575,,47721891;47721892
Q618044,,47721891;47721893
Q618238,,47721891;47721892
Q6222524,,47721891;47721893
Q6284109,,47721891;47721893
Q6286885,,47721891;47721893
Q6328576,,47721891;47721893
Q633355,,47722215
Q6342838,,47721891
Q6352338,,47721891;47721892;47721893
Q6372286,,47721891
Q6392264,,47721891;47721892
Q6392400,,47721891;47721892
Q6395366,,47721891;47721892
Q639631,,47721891;47721892
Q6412047,,47721891;47721893
Q642721,,47721890;47721891
Q6431472,,47721891;47721892
Q6433898,,47721891;47721893
Q6473070,,47721891;47721892;47721893
Q6478896,,47721891;47721892;47721893
Q6480997,,47721890;47721891
Q6481556,,47721891
Q65072077,,47721891;47721892;47721893
Q6507783,,47721891
Q65082494,,47721890;47721891
Q65086603,,47721890;47721891
Q65090509,,47721890;47721891
Q6511530,,47721891;47721892;47721893
Q65121069,,47721891;47721893
Q651259,,47721890;47721891;47721892
Q6514242,,47721890;47721891
Q6524508,,47721891;47721893
Q6535062,,47721891;47721892
Q6538431,,47721891;47721892;47721893
Q6555401,,47721891;47721893
Q6555438,,47721891;47721892;47721893
Q6557309,,47721891
Q6609493,,47721891
Q6625475,,47721891
Q664258,,47721891;47721892;47722215
Q6649673,,47721891;47721892;47721893
Q6663682,,47721891;47721893
Q6671394,,47721891;47721893
Q6671478,,47721891;47721893
Q66861871,,47721891;47721892;47721893
Q6720756,,47721891;47721894
Q6724445,,47721891;47721892;47721893
Q6724619,,47721891;47721893
Q6736986,,47721891;47721893
Q6749872,,47721891;47721894
Q6773982,,47721891;47721893
Q677981,,47721891;47721894
Q6787495,,47721891;47721892;47721893
Q679089,,47721891;47721892
Q6801103,,47721891;47721893
Q6804103,,47721891;47721892;47721893
Q6811722,,47721891;47721892;47721893
Q6820487,,47721891
Q6825019,,47721891;47721893
Q682660,,47721891;47721893
Q683303,,47721891;47721892;47721893
Q6838522,,47721891;47721893
Q685395,,47721891;47721892
Q685705,,47721891;47721892
Q6858427,,47721891;47721892;47721893
Q6859181,,47721891;47721893
Q6861637,,47721891;47721893
Q686666,,47721891;47721892;47721893
Q687397,,47721891;47721892
Q6883400,,47721891;47721892;47721893
Q6904357,,47721891;47721892
Q691552,,47721891;47721893
Q6924957,,47721891;47721892;47721893
Q694218,,47721891;47721893
Q6959584,,47721891;47721893
Q6966165,,47721891;47721893
Q696650,,47721891;47721892;47721893
Q696787,,47721891;47721893
Q697534,,47721891;47721893
Q697958,,47721890;47721891
Q6980567,,47721891;47721892;47721893
Q698485,,47721891;47721893
Q698957,,47721891;47721893
Q699529,,47721891;47721892;47722215
Q7005236,,47721891;47721893
Q701712,,47721890;47721891;47721892
Q7045321,,47721890;47721891
Q7053730,,47721891;47721893
Q706698,,47721891;47721893
Q7083083,,47721891;47721892;47721893
Q7083084,,47721891;47721892;47721893
Q7083642,,47721891;47721892
Q7083802,,47721891;47721892
Q7083949,,47721891;47721892
Q7083990,,47721890;47721891;47721892
Q7084008,,47721891;47721892
Q7084130,,47721891;47721892
Q7084534,,47721891;47721893
Q7084579,,47721891;47721892
Q7084683,,47721891;47721892
Q7084877,,47721891
Q7085145,,47721891;47721893
Q7085196,,47721891;47721892
Q7085210,,47721891;47721892
Q7085533,,47721891;47721893
Q7088417,,47721891;47721892
Q7102771,,47721891;47721893
Q7118142,,47721891;47721892
Q7133121,,47721891;47721892
Q7142843,,47721890;47721891;47721892
Q7150929,,47722215
Q7158048,,47721891;47721893
Q7160484,,47721891;47721892;47721893
Q7190347,,47721891;47721892;47721893
Q7190523,,47721891;47721893
Q7196252,,47721891;47721892
Q7196323,,47721891;47721892
Q7197404,,47721891;47721893
Q7199017,,47721891;47721892;47721893
Q7199671,,47721891;47721893
Q720479,,47721891;47721893
Q7205807,,47721891;47721892
Q7205808,,47721891;47721892
Q7211620,,47721891;47721893
Q7227204,,47721891
Q7229458,,47721891;47721892
Q7234531,,47721891;47721893
Q7240472,,47721891;47721892
Q7261929,,47721890;47721891
Q7263241,,47721891;47721893
Q7302072,,47721890;47721891;47721892
Q7303746,,47721891;47721894
Q7304046,,47721891;47721893
Q7304675,,47721891;47721893
Q7304905,,47721891
Q7305221,,47721891;47721893
Q7305495,,47721891;47721892
Q7306555,,47721891;47721893
Q7312560,,47721891;47721892
Q7314949,,47721891;47721892;47721893
Q7320356,,47721891;47721893
Q7321897,,47721891
Q73255294,,47721891;47721893
Q7336937,,47721891;47721894
Q734929,,47721891;47721893
Q7354467,,47721891;47721892
Q7359507,,47721891;47721893
Q7359815,,47721891;47721893
Q7371772,,47721890;47721891
Q7374788,,47721890;47721891;47721892
Q7379386,,47721891;47721892
Q742408,,47721891;47721892
Q7428481,,47721890;47721891
Q7430894,,47721891;47721893
Q7432746,,47721891;47721892;47721893
Q7433276,,47721891;47721892;47721893
Q7439346,,47721891
Q7439348,,47721891;47721892;47721893
Q7440441,,47721891;47721892
Q7442947,,47721890;47721891
Q7459660,,47721890;47721891
Q7490280,,47721891;47721893
Q7525866,,47721891;47721892
Q7535558,,47721891;47721893
Q75378175,,47722215
Q7539515,,47721891;47721892;47721893
Q75438,,47721891;47721892;47721893
Q7550050,,47721890;47721891
Q7559791,,47721891;47721892;47721893
Q7565223,,47721891;47721892
Q7577545,,47721891;47721893
Q758604,,47721891;47721892
Q7587890,,47721891;47721893
Q7588247,,47721891;47721892
Q7588348,,47721891;47721893
Q7592516,,47721891;47721893
Q7605701,,47721891;47721893
Q7605768,,47721891;47721893
Q7615488,,47721891;47721893
Q7615732,,47721891;47721893
Q7619305,,47721891;47721893
Q7621182,,47721891;47721893
Q762996,,47721890;47721891
Q7646301,,47721891;47721892;47721893
Q7653424,,47721891;47721892;47721893
Q7655158,,47721891;47721893
Q768299,,47722215
Q7691183,,47721891;47721892
Q7699209,,47721891;47721892
Q7754194,,47721891;47721892
Q777721,,47721890;47721891;47721892
Q7777238,,47721891;47721893
Q779760,,47722215
Q7797675,,47721890;47721891
Q7807560,,47721891;47721893
Q7824015,,47721891;47721892;47721893
Q7824016,,47721891;47721892;47721893
Q7824017,,47721891;47721892;47721893
Q7824018,,47721891;47721892;47721893
Q7824258,,47721891;47721893
Q7828519,,47721891;47721892;47721893
Q7835592,,47721891;47721894
Q7850578,,47721891;47721892
Q7856799,,47721891;47721892;47721893
Q7858920,,47721891;47721892
Q787066,,47721891;47721892;47721893
Q787543,,47721891;47721894
Q7880109,,47721890;47721891;47721892
Q7898532,,47721891;47721893
Q790615,,47721891;47721892
Q7907710,,47721891;47721892
Q7910733,,47721891;47721893
Q7911566,,47721891;47721893
Q7923070,,47721891;47721892
Q7932813,,47721890;47721891
Q7934276,,47721891;47721892
Q7938938,,47721890;47721891
Q7939317,,47721891;47721892;47721893
Q7942336,,47721891;47721892
Q7945788,,47721891;47721892
Q7949059,,47721891;47721893
Q795145,,47721891
Q795163,,47721891;47721893
Q7959997,,47721891;47721892;47721893
Q797517,,47721891;47721893
Q798067,,47721891;47721892;47721893
Q7984781,,47721891;47721892;47721894
Q7989343,,47721891
Q7990311,,47721891;47721893
Q7995003,,47721891
Q7995061,,47721891;47721892
Q7995078,,47721891
Q7996571,,47721890;47721891
Q7998742,,47721891;47721893
Q8000648,,47721891;47721893
Q8020991,,47721891;47721893
Q8027514,,47721890;47721891;47721892
Q8032506,,47721891
Q8032660,,47721891;47721892
Q8033128,,47721891;47721892;47721893
Q8037240,,47721891;47721893
Q8040108,,47721891;47721892
Q8041510,,47721891;47721892
Q8042633,,47721891;47721892;47721893
Q8042636,,47721891;47721892;47721893
Q8044403,,47721897
Q8047083,,47721891;47721893
Q8051845,,47721891;47721894
Q8051987,,47721891;47721892
Q805687,,47721891;47721892;47721893
Q8058584,,47721891;47721893
Q8059453,,47721891;47721892
Q8071237,,47721891
Q8071505,,47721891;47721892;47721893
Q812294,,47721891;47721893
Q812942,,47721891;47721892;47721893
Q815258,,47721890;47721891
Q816263,,47721890;47721891
Q819284,,47721891;47721893
Q821688,,47721891;47721893
Q8248915,,47721891;47721893
Q831339,,47722215
Q83850,,47721891;47721893
Q838651,,47721891;47721892
Q844073,,47721891;47721893
Q854383,,47721891;47721892;47721893
Q8565190,,47721891
Q85782300,,47721891;47721894
Q857829,,47721891;47721893
Q85816873,,47721891;47721893
Q861566,,47721891;47721893
Q861698,,47721891;47721892;47721893
Q861973,,47721891;47721893
Q864987,,47721891;47721892;47721893
Q865835,,47721891;47721893
Q865838,,47721891;47721893
Q865840,,47721891;47721892;47721893
Q865859,,47721891;47721892;47721893
Q867652,,47721891;47721893
Q872435,,47721890;47721891
Q874166,,47721891;47721892;47721893
Q877556,,47721891;47721893
Q878149,,47721891;47721893
Q879085,,47721891;47721893
Q879110,,47721891;47721893
Q880090,,47721891;47721893
Q880612,,47721891;47721892
Q880640,,47721891;47721893
Q887730,,47721891;47721892;47721893
Q891620,,47721891;47721893
Q891834,,47721890;47721891;47721892
Q893047,,47721891;47721893
Q897293,,47721891;47721892;47721893
Q899150,,47721891;47721892
Q899484,,47721891;47721893
Q900099,,47721891;47721893
Q900163,,47721891;47721893
Q900200,,47721891;47721893
Q900204,,47721891;47721893
Q900213,,47721891;47721893
Q900245,,47721891;47721893
Q900257,,47721891;47721893
Q900285,,47721891;47721893
Q900289,,47721891
Q900335,,47721891;47721893
Q900427,,47721891;47721893
Q900506,,47721891;47721893
Q900510,,47721891;47721893
Q909817,,47721891;47721892;47721893
Q911367,,47721891;47721893
Q913803,,47721891;47721892
Q9180136,,47721891;47721893
Q9180145,,47721891;47721893
Q9180157,,47721891;47721893
Q9180229,,47721891;47721893
Q924355,,47721891;47721892;47721893
Q928026,,47721891;47721892
Q929276,,47721891;47721892;47721893
Q935317,,47721891;47721893
Q9397571,,47721891;47721893
Q942393,,47721891;47721893
Q948831,,47721891;47721892;47721893
Q949447,,47721891;47721893
Q96373422,,47721891;47721893
Q96374129,,47721891;47721893
Q96375045,,47721891
Q96384447,,47721890;47721891;47721898
Q96418536,,47721891;47721892;47721893
Q9643192,,47721891;47721892;47721893
Q964333,,47721890;47721891
Q971751,,47721891;47721892;47721893
Q97361531,,47721891;47721893
Q980908,,47722215
Q982670,,47721891;47721892
Q982673,,47721891;47721892;47721893
